{
  "width": 640,
  "height": 360,
  "fps": 30,
  "main": "./script/aez_bundle_main.js",
  "assets": {
    "loading": {
      "type": "image",
      "width": 384,
      "height": 128,
      "path": "files/f41030ef23457876c448.png",
      "global": true,
      "virtualPath": "image/loading.png"
    },
    "title": {
      "type": "image",
      "width": 256,
      "height": 256,
      "path": "files/6a2fc763d1ca590c49f9.png",
      "virtualPath": "image/title.png"
    },
    "aez_bundle_main": {
      "type": "script",
      "global": true,
      "path": "files/f086925699839f7a9594.js",
      "virtualPath": "script/aez_bundle_main.js"
    }
  },
  "environment": {
    "niconico": {
      "supportedModes": [
        "single",
        "ranking"
      ]
    },
    "sandbox-runtime": "2",
    "external": {
      "send": "0"
    },
    "akashic-runtime": {
      "version": "~2.1.0",
      "flavor": "-canvas"
    }
  },
  "globalScripts": []
}